sample,raw_reads,dedup_reads,cytosines,condition,line,replica,description,TET3_reads,total_reads_idxstats,TET3_reads_per_million,genotype
WT_1,1282903,756201,16306285,WT,WT,1,Control,0,778784,0,NT
WT_2,2026380,1087432,22983672,WT,WT,2,Control,0,1117032,0,NT
WT_3,2120221,1114222,23847475,WT,WT,3,Control,0,1153345,0,NT
WT_4,1544441,850132,17882410,WT,WT,4,Control,0,872480,0,NT
WT_6,922537,525453,11405803,WT,WT,6,Control,0,538783,0,NT
A_1,1017644,568685,12229819,A,A,1,A T1,0,583814,0,NT
A_4,1368443,734364,15700681,A,A,4,A T1,20,734364,27.23,TET3
A_12,1069624,608192,13119126,A,A,12,A T1,4,608192,6.58,NT
A_14,2556884,1393199,29191665,A,A,14,A T1,39,1393199,27.99,TET3
A_15,3027941,1665839,35367089,A,A,15,A T1,19,1665839,11.41,TET3
A_17,2131191,1069985,22737945,A,A,17,A T1,1,1069985,0.93,NT
A_21,1414844,786992,16513820,A,A,21,A T1,11,786992,13.98,TET3
A_22,1398500,784251,16670369,A,A,22,A T1,25,784251,31.88,TET3
A1_4,2094988,1188127,24997820,A1,A,4,A T2,0,1225912,0,NT
A1_6,1619634,889620,18759966,A1,A,6,A T2,0,912763,0,NT
A1_7,2187825,1216295,25935242,A1,A,7,A T2,0,1255365,0,NT
A1_8,2492728,1364471,28986182,A1,A,8,A T2,51,1364471,37.38,TET3
A11_3,1776007,948173,20590428,A11,A,3,A T3,30,948173,31.64,TET3
A11_8,1283535,719104,15702082,A11,A,8,A T3,0,742209,0,NT
A11_5,1649869,949779,20154917,A11,A,5,A T3,35,949779,36.85,TET3
A11_10,2784216,1569835,33583261,A11,A,10,A T3,55,1569835,35.04,TET3
A11_11,2880977,1547765,33373451,A11,A,11,A T3,57,1547765,36.83,TET3
B_2,2080466,1142610,24653603,B,B,2,B T1,0,1142610,0,NT
B_3,1927625,1061005,22864007,B,B,3,B T1,45,1061005,42.41,TET3
B_4,1333687,729856,16057250,B,B,4,B T1,25,729856,34.25,TET3
B_6,820858,464712,10260716,B,B,6,B T1,0,464712,0,NT
B_8,1785450,977477,21135596,B,B,8,B T1,0,1013327,0,NT
B_5,937727,544115,11738795,B,B,5,B T1,7,544115,12.86,TET3
B_10,1210815,695108,15071025,B,B,10,B T1,0,717561,0,NT
B_11,885847,493770,10770173,B,B,11,B T1,0,507120,0,NT
B1_2,1153386,634206,13730968,B1,B,2,B T2-,0,634206,0,NT
B1_3,2087095,1178246,25587358,B1,B,3,B T2-,0,1178246,0,NT
B1_6,2026538,1124922,24268537,B1,B,6,B T2-,0,1169858,0,NT
B1_7,1214987,673504,14628058,B1,B,7,B T2-,0,673504,0,NT
B1_8,1474849,804036,17723795,B1,B,8,B T2-,0,804036,0,NT
B1_9,1428264,794705,17581242,B1,B,9,B T2-,0,794705,0,NT
B2_1,1214739,686707,15144770,B2,B,1,B T2+,13,686707,18.93,TET3
B2_14,1116317,627527,13757196,B2,B,14,B T2+,0,647473,0,NT
B2_5,1278583,725626,15749570,B2,B,5,B T2+,16,725626,22.05,TET3
B2_10,1758023,996606,21696768,B2,B,10,B T2+,37,996606,37.13,TET3
B2_9,1454939,806299,17444250,B2,B,9,B T2+,0,806299,0,NT
B2_16,1183782,666729,14676008,B2,B,16,B T2+,0,696459,0,NT
B2_18,348197,202681,4442352,B2,B,18,B T2+,0,206665,0,NT
B2_20,358372,209493,4590650,B2,B,20,B T2+,0,214074,0,NT
