readsN	context	count	sample
0	CG	36610	wt
0	CHG	38517	wt
0	CHH	248619	wt
1	CG	29277	wt
1	CHG	27849	wt
1	CHH	205708	wt
2	CG	52579	wt
2	CHG	49565	wt
2	CHH	380304	wt
3	CG	81842	wt
3	CHG	80217	wt
3	CHH	626484	wt
4	CG	113457	wt
4	CHG	114337	wt
4	CHH	894943	wt
5	CG	139592	wt
5	CHG	144286	wt
5	CHH	1124136	wt
6	CG	154877	wt
6	CHG	166503	wt
6	CHH	1280768	wt
7	CG	161124	wt
7	CHG	178162	wt
7	CHH	1338949	wt
8	CG	156689	wt
8	CHG	177408	wt
8	CHH	1300227	wt
9	CG	144001	wt
9	CHG	166865	wt
9	CHH	1189797	wt
10	CG	126357	wt
10	CHG	148808	wt
10	CHH	1026893	wt
11	CG	105164	wt
11	CHG	125858	wt
11	CHH	844780	wt
12	CG	84108	wt
12	CHG	101207	wt
12	CHH	664976	wt
13	CG	64274	wt
13	CHG	78153	wt
13	CHH	500881	wt
14	CG	47686	wt
14	CHG	58674	wt
14	CHH	364398	wt
15	CG	33452	wt
15	CHG	41476	wt
15	CHH	255109	wt
16	CG	23924	wt
16	CHG	29212	wt
16	CHH	174722	wt
17	CG	15632	wt
17	CHG	19497	wt
17	CHH	115782	wt
18	CG	10518	wt
18	CHG	12603	wt
18	CHH	74411	wt
19	CG	6719	wt
19	CHG	8269	wt
19	CHH	47763	wt
20	CG	4438	wt
20	CHG	5223	wt
20	CHH	29451	wt
21	CG	2758	wt
21	CHG	3219	wt
21	CHH	18122	wt
22	CG	1815	wt
22	CHG	2015	wt
22	CHH	11080	wt
23	CG	1210	wt
23	CHG	1227	wt
23	CHH	6799	wt
24	CG	763	wt
24	CHG	832	wt
24	CHH	4532	wt
25	CG	551	wt
25	CHG	486	wt
25	CHH	2983	wt
26	CG	380	wt
26	CHG	331	wt
26	CHH	1801	wt
27	CG	325	wt
27	CHG	273	wt
27	CHH	1310	wt
28	CG	220	wt
28	CHG	169	wt
28	CHH	897	wt
29	CG	168	wt
29	CHG	120	wt
29	CHH	741	wt
30	CG	150	wt
30	CHG	96	wt
30	CHH	576	wt
31	CG	135	wt
31	CHG	76	wt
31	CHH	422	wt
32	CG	75	wt
32	CHG	53	wt
32	CHH	330	wt
33	CG	64	wt
33	CHG	49	wt
33	CHH	233	wt
34	CG	64	wt
34	CHG	33	wt
34	CHH	194	wt
35	CG	42	wt
35	CHG	32	wt
35	CHH	172	wt
36	CG	44	wt
36	CHG	28	wt
36	CHH	134	wt
37	CG	39	wt
37	CHG	21	wt
37	CHH	124	wt
38	CG	28	wt
38	CHG	16	wt
38	CHH	90	wt
39	CG	21	wt
39	CHG	16	wt
39	CHH	59	wt
40	CG	25	wt
40	CHG	10	wt
40	CHH	61	wt
41	CG	16	wt
41	CHG	9	wt
41	CHH	53	wt
42	CG	13	wt
42	CHG	13	wt
42	CHH	44	wt
43	CG	8	wt
43	CHG	11	wt
43	CHH	50	wt
44	CG	15	wt
44	CHG	6	wt
44	CHH	49	wt
45	CG	7	wt
45	CHG	8	wt
45	CHH	52	wt
46	CG	16	wt
46	CHG	11	wt
46	CHH	49	wt
47	CG	14	wt
47	CHG	8	wt
47	CHH	41	wt
48	CG	13	wt
48	CHG	13	wt
48	CHH	24	wt
49	CG	8	wt
49	CHG	8	wt
49	CHH	36	wt
50	CG	6	wt
50	CHG	5	wt
50	CHH	26	wt
51	CG	4	wt
51	CHG	5	wt
51	CHH	17	wt
52	CG	3	wt
52	CHG	3	wt
52	CHH	14	wt
53	CG	3	wt
53	CHG	3	wt
53	CHH	16	wt
54	CG	4	wt
54	CHG	2	wt
54	CHH	11	wt
55	CG	3	wt
55	CHH	7	wt
56	CG	4	wt
56	CHG	3	wt
56	CHH	3	wt
57	CG	2	wt
57	CHH	3	wt
58	CG	3	wt
58	CHH	5	wt
59	CG	2	wt
59	CHG	1	wt
59	CHH	6	wt
60	CG	1	wt
60	CHG	3	wt
60	CHH	9	wt
61	CG	1	wt
61	CHG	3	wt
61	CHH	19	wt
62	CG	1	wt
62	CHH	11	wt
63	CHH	7	wt
64	CG	2	wt
64	CHH	4	wt
65	CG	3	wt
65	CHG	3	wt
65	CHH	9	wt
66	CG	1	wt
66	CHG	1	wt
66	CHH	2	wt
67	CG	2	wt
67	CHH	2	wt
68	CG	1	wt
68	CHG	1	wt
68	CHH	9	wt
69	CG	3	wt
69	CHG	1	wt
69	CHH	2	wt
70	CHG	1	wt
70	CHH	2	wt
71	CG	2	wt
71	CHG	1	wt
71	CHH	4	wt
72	CHG	1	wt
72	CHH	7	wt
73	CHH	3	wt
74	CG	1	wt
74	CHG	2	wt
74	CHH	9	wt
75	CG	1	wt
75	CHG	1	wt
75	CHH	1	wt
76	CG	1	wt
76	CHH	2	wt
77	CHH	1	wt
78	CG	1	wt
78	CHH	1	wt
79	CHG	1	wt
79	CHH	3	wt
80	CHG	1	wt
80	CHH	4	wt
81	CHH	3	wt
82	CHG	1	wt
82	CHH	1	wt
83	CG	1	wt
84	CG	2	wt
84	CHG	2	wt
85	CG	1	wt
85	CHH	2	wt
86	CG	2	wt
86	CHH	1	wt
87	CG	1	wt
87	CHG	1	wt
87	CHH	1	wt
88	CHG	1	wt
88	CHH	7	wt
89	CHG	1	wt
89	CHH	2	wt
90	CG	3	wt
90	CHG	2	wt
90	CHH	3	wt
91	CG	1	wt
91	CHG	1	wt
91	CHH	4	wt
92	CHH	2	wt
93	CG	1	wt
93	CHG	2	wt
93	CHH	6	wt
94	CG	2	wt
95	CHH	9	wt
96	CHH	6	wt
97	CG	1	wt
97	CHG	1	wt
97	CHH	6	wt
98	CG	1	wt
98	CHG	1	wt
98	CHH	3	wt
99	CHH	2	wt
100	CG	1	wt
100	CHH	1	wt
101	CG	1	wt
101	CHH	2	wt
103	CHH	1	wt
104	CHG	1	wt
104	CHH	2	wt
105	CG	1	wt
105	CHH	4	wt
106	CG	1	wt
107	CHG	1	wt
0	CG	133466	a4
0	CHG	130379	a4
0	CHH	856517	a4
1	CG	224413	a4
1	CHG	224547	a4
1	CHH	1539783	a4
2	CG	288942	a4
2	CHG	304738	a4
2	CHH	2166001	a4
3	CG	286767	a4
3	CHG	317774	a4
3	CHH	2308464	a4
4	CG	240644	a4
4	CHG	278549	a4
4	CHH	2033837	a4
5	CG	173546	a4
5	CHG	209352	a4
5	CHH	1533255	a4
6	CG	113709	a4
6	CHG	139148	a4
6	CHH	1023318	a4
7	CG	67156	a4
7	CHG	84495	a4
7	CHH	613894	a4
8	CG	37141	a4
8	CHG	47164	a4
8	CHH	339369	a4
9	CG	19051	a4
9	CHG	24385	a4
9	CHH	175226	a4
10	CG	9062	a4
10	CHG	11683	a4
10	CHH	83725	a4
11	CG	4120	a4
11	CHG	5495	a4
11	CHH	38031	a4
12	CG	1788	a4
12	CHG	2362	a4
12	CHH	16580	a4
13	CG	828	a4
13	CHG	1043	a4
13	CHH	7116	a4
14	CG	379	a4
14	CHG	442	a4
14	CHH	2906	a4
15	CG	144	a4
15	CHG	171	a4
15	CHH	1195	a4
16	CG	64	a4
16	CHG	60	a4
16	CHH	518	a4
17	CG	50	a4
17	CHG	55	a4
17	CHH	244	a4
18	CG	26	a4
18	CHG	25	a4
18	CHH	141	a4
19	CG	14	a4
19	CHG	14	a4
19	CHH	52	a4
20	CG	11	a4
20	CHG	9	a4
20	CHH	61	a4
21	CG	12	a4
21	CHG	10	a4
21	CHH	55	a4
22	CG	7	a4
22	CHG	11	a4
22	CHH	33	a4
23	CG	8	a4
23	CHG	4	a4
23	CHH	25	a4
24	CG	8	a4
24	CHG	6	a4
24	CHH	14	a4
25	CG	4	a4
25	CHG	2	a4
25	CHH	14	a4
26	CG	3	a4
26	CHG	2	a4
26	CHH	11	a4
27	CHH	6	a4
28	CG	3	a4
28	CHG	1	a4
28	CHH	7	a4
29	CG	3	a4
29	CHG	1	a4
29	CHH	1	a4
30	CHH	2	a4
31	CG	2	a4
31	CHG	2	a4
31	CHH	6	a4
32	CHH	5	a4
33	CG	1	a4
33	CHG	2	a4
33	CHH	4	a4
34	CG	1	a4
34	CHH	4	a4
35	CG	1	a4
35	CHG	2	a4
35	CHH	12	a4
36	CG	2	a4
36	CHG	1	a4
36	CHH	7	a4
37	CG	1	a4
37	CHH	1	a4
39	CG	1	a4
39	CHG	1	a4
40	CG	1	a4
40	CHH	1	a4
42	CHH	1	a4
43	CHH	1	a4
46	CG	1	a4
46	CHH	1	a4
47	CHH	1	a4
48	CG	1	a4
48	CHH	1	a4
49	CG	1	a4
0	CG	34418	a17
0	CHG	36527	a17
0	CHH	224951	a17
1	CG	24062	a17
1	CHG	21711	a17
1	CHH	138023	a17
2	CG	41104	a17
2	CHG	37577	a17
2	CHH	229878	a17
3	CG	64146	a17
3	CHG	59738	a17
3	CHH	370798	a17
4	CG	87945	a17
4	CHG	85084	a17
4	CHH	539826	a17
5	CG	109386	a17
5	CHG	110229	a17
5	CHH	722267	a17
6	CG	126042	a17
6	CHG	131198	a17
6	CHH	895100	a17
7	CG	136768	a17
7	CHG	147712	a17
7	CHH	1036186	a17
8	CG	141443	a17
8	CHG	157325	a17
8	CHH	1121695	a17
9	CG	137950	a17
9	CHG	158248	a17
9	CHH	1153644	a17
10	CG	131197	a17
10	CHG	152843	a17
10	CHH	1127157	a17
11	CG	118881	a17
11	CHG	140848	a17
11	CHH	1050000	a17
12	CG	103648	a17
12	CHG	125180	a17
12	CHH	929041	a17
13	CG	86037	a17
13	CHG	104465	a17
13	CHH	791179	a17
14	CG	69144	a17
14	CHG	85226	a17
14	CHH	644666	a17
15	CG	54500	a17
15	CHG	66171	a17
15	CHH	507099	a17
16	CG	40520	a17
16	CHG	50069	a17
16	CHH	385305	a17
17	CG	29583	a17
17	CHG	36244	a17
17	CHH	280430	a17
18	CG	21042	a17
18	CHG	25610	a17
18	CHH	198431	a17
19	CG	14475	a17
19	CHG	17170	a17
19	CHH	136228	a17
20	CG	9871	a17
20	CHG	11693	a17
20	CHH	90898	a17
21	CG	6401	a17
21	CHG	7627	a17
21	CHH	60048	a17
22	CG	4212	a17
22	CHG	4824	a17
22	CHH	38884	a17
23	CG	2793	a17
23	CHG	3028	a17
23	CHH	24515	a17
24	CG	1849	a17
24	CHG	1827	a17
24	CHH	15205	a17
25	CG	1163	a17
25	CHG	1203	a17
25	CHH	9723	a17
26	CG	752	a17
26	CHG	787	a17
26	CHH	6261	a17
27	CG	574	a17
27	CHG	540	a17
27	CHH	3927	a17
28	CG	354	a17
28	CHG	304	a17
28	CHH	2515	a17
29	CG	237	a17
29	CHG	241	a17
29	CHH	1684	a17
30	CG	201	a17
30	CHG	149	a17
30	CHH	1177	a17
31	CG	140	a17
31	CHG	119	a17
31	CHH	812	a17
32	CG	111	a17
32	CHG	76	a17
32	CHH	608	a17
33	CG	57	a17
33	CHG	53	a17
33	CHH	453	a17
34	CG	59	a17
34	CHG	48	a17
34	CHH	370	a17
35	CG	42	a17
35	CHG	38	a17
35	CHH	238	a17
36	CG	40	a17
36	CHG	21	a17
36	CHH	181	a17
37	CG	20	a17
37	CHG	22	a17
37	CHH	142	a17
38	CG	23	a17
38	CHG	17	a17
38	CHH	121	a17
39	CG	17	a17
39	CHG	8	a17
39	CHH	81	a17
40	CG	12	a17
40	CHG	19	a17
40	CHH	76	a17
41	CG	18	a17
41	CHG	6	a17
41	CHH	84	a17
42	CG	13	a17
42	CHG	9	a17
42	CHH	53	a17
43	CG	6	a17
43	CHG	9	a17
43	CHH	48	a17
44	CG	9	a17
44	CHG	8	a17
44	CHH	20	a17
45	CG	14	a17
45	CHG	9	a17
45	CHH	51	a17
46	CG	13	a17
46	CHG	7	a17
46	CHH	29	a17
47	CG	8	a17
47	CHG	8	a17
47	CHH	24	a17
48	CG	2	a17
48	CHG	3	a17
48	CHH	17	a17
49	CG	4	a17
49	CHG	4	a17
49	CHH	27	a17
50	CG	3	a17
50	CHG	2	a17
50	CHH	14	a17
51	CG	5	a17
51	CHG	5	a17
51	CHH	22	a17
52	CG	5	a17
52	CHG	3	a17
52	CHH	16	a17
53	CG	4	a17
53	CHG	2	a17
53	CHH	11	a17
54	CG	1	a17
54	CHG	1	a17
54	CHH	8	a17
55	CG	2	a17
55	CHG	2	a17
55	CHH	11	a17
56	CG	4	a17
56	CHH	4	a17
57	CG	4	a17
57	CHG	3	a17
57	CHH	9	a17
58	CG	4	a17
58	CHG	5	a17
58	CHH	5	a17
59	CG	3	a17
59	CHG	1	a17
59	CHH	13	a17
60	CG	5	a17
60	CHG	1	a17
60	CHH	6	a17
61	CG	1	a17
61	CHH	4	a17
62	CG	1	a17
62	CHG	2	a17
62	CHH	3	a17
63	CG	3	a17
63	CHH	5	a17
64	CG	1	a17
64	CHG	1	a17
64	CHH	7	a17
65	CG	1	a17
65	CHG	3	a17
65	CHH	1	a17
66	CG	2	a17
66	CHH	5	a17
67	CHH	3	a17
68	CG	1	a17
68	CHH	8	a17
69	CHH	2	a17
70	CG	1	a17
70	CHG	1	a17
70	CHH	3	a17
71	CG	2	a17
71	CHG	4	a17
71	CHH	6	a17
72	CHH	9	a17
73	CG	1	a17
73	CHH	3	a17
74	CHG	1	a17
74	CHH	7	a17
75	CG	3	a17
75	CHG	2	a17
75	CHH	6	a17
76	CHH	4	a17
77	CG	1	a17
77	CHH	1	a17
78	CHH	1	a17
80	CHH	1	a17
81	CG	1	a17
81	CHG	1	a17
81	CHH	1	a17
82	CG	2	a17
82	CHG	1	a17
82	CHH	1	a17
83	CHH	4	a17
84	CG	2	a17
84	CHG	1	a17
84	CHH	4	a17
85	CG	1	a17
85	CHH	1	a17
86	CG	2	a17
86	CHH	3	a17
87	CG	1	a17
87	CHG	1	a17
87	CHH	3	a17
88	CG	2	a17
88	CHG	1	a17
88	CHH	1	a17
89	CHG	1	a17
89	CHH	2	a17
90	CG	1	a17
90	CHG	2	a17
90	CHH	1	a17
91	CHH	2	a17
92	CHH	4	a17
93	CG	2	a17
93	CHH	5	a17
94	CHG	1	a17
94	CHH	1	a17
95	CHG	1	a17
95	CHH	4	a17
96	CHH	11	a17
97	CHH	2	a17
98	CHH	2	a17
99	CHH	3	a17
100	CHH	2	a17
101	CHH	1	a17
103	CHG	1	a17
103	CHH	1	a17
106	CG	1	a17
106	CHG	1	a17
106	CHH	1	a17
107	CHH	3	a17
108	CG	1	a17
108	CHH	2	a17
109	CHG	1	a17
109	CHH	2	a17
110	CG	2	a17
110	CHG	1	a17
110	CHH	5	a17
