sample	context	min_prop	size	regionType	DMRs	length
a17	CG	0.1	10	gain	2	107
a17	CG	0.1	10	loss	21	1244
a17	CG	0.1	20	gain	51	3542
a17	CG	0.1	20	loss	640	41941
a17	CG	0.1	50	gain	158	14828
a17	CG	0.1	50	loss	2106	237804
a17	CG	0.1	100	gain	190	23245
a17	CG	0.1	100	loss	2681	501933
a17	CG	0.1	200	gain	104	17352
a17	CG	0.1	200	loss	1545	444488
a17	CG	0.1	500	gain	7	1379
a17	CG	0.1	500	loss	157	59114
a17	CG	0.1	1000	loss	1	245
a17	CG	0.2	10	gain	2	107
a17	CG	0.2	10	loss	21	1244
a17	CG	0.2	20	gain	51	3542
a17	CG	0.2	20	loss	636	41641
a17	CG	0.2	50	gain	157	14701
a17	CG	0.2	50	loss	2080	234627
a17	CG	0.2	100	gain	190	23065
a17	CG	0.2	100	loss	2624	490301
a17	CG	0.2	200	gain	104	17326
a17	CG	0.2	200	loss	1514	433826
a17	CG	0.2	500	gain	7	1379
a17	CG	0.2	500	loss	157	59114
a17	CG	0.2	1000	loss	1	245
a17	CG	0.30000000000000004	10	gain	2	107
a17	CG	0.30000000000000004	10	loss	20	1191
a17	CG	0.30000000000000004	20	gain	50	3488
a17	CG	0.30000000000000004	20	loss	615	40310
a17	CG	0.30000000000000004	50	gain	151	14100
a17	CG	0.30000000000000004	50	loss	1980	221326
a17	CG	0.30000000000000004	100	gain	184	22187
a17	CG	0.30000000000000004	100	loss	2470	447666
a17	CG	0.30000000000000004	200	gain	103	16928
a17	CG	0.30000000000000004	200	loss	1446	391248
a17	CG	0.30000000000000004	500	gain	7	1379
a17	CG	0.30000000000000004	500	loss	154	55289
a17	CG	0.30000000000000004	1000	loss	1	245
a17	CG	0.4	10	gain	2	107
a17	CG	0.4	10	loss	20	1139
a17	CG	0.4	20	gain	47	3282
a17	CG	0.4	20	loss	556	36427
a17	CG	0.4	50	gain	138	12648
a17	CG	0.4	50	loss	1762	189083
a17	CG	0.4	100	gain	168	19420
a17	CG	0.4	100	loss	2108	356728
a17	CG	0.4	200	gain	97	15176
a17	CG	0.4	200	loss	1292	318796
a17	CG	0.4	500	gain	7	1379
a17	CG	0.4	500	loss	151	52610
a17	CG	0.4	1000	loss	1	245
a17	CG	0.5	10	gain	1	53
a17	CG	0.5	10	loss	16	889
a17	CG	0.5	20	gain	37	2527
a17	CG	0.5	20	loss	444	28955
a17	CG	0.5	50	gain	115	10224
a17	CG	0.5	50	loss	1362	137640
a17	CG	0.5	100	gain	142	15620
a17	CG	0.5	100	loss	1557	244086
a17	CG	0.5	200	gain	87	13044
a17	CG	0.5	200	loss	979	226805
a17	CG	0.5	500	gain	7	1379
a17	CG	0.5	500	loss	147	48713
a17	CG	0.5	1000	loss	1	245
a17	CG	0.6	10	gain	1	51
a17	CG	0.6	10	loss	6	321
a17	CG	0.6	20	gain	27	1761
a17	CG	0.6	20	loss	279	18297
a17	CG	0.6	50	gain	81	7145
a17	CG	0.6	50	loss	862	80574
a17	CG	0.6	100	gain	106	11459
a17	CG	0.6	100	loss	922	136756
a17	CG	0.6	200	gain	64	9583
a17	CG	0.6	200	loss	571	121341
a17	CG	0.6	500	gain	6	1095
a17	CG	0.6	500	loss	120	40518
a17	CG	0.6	1000	loss	1	245
a17	CG	0.7000000000000001	10	loss	4	212
a17	CG	0.7000000000000001	20	gain	13	818
a17	CG	0.7000000000000001	20	loss	142	9052
a17	CG	0.7000000000000001	50	gain	44	3608
a17	CG	0.7000000000000001	50	loss	478	43484
a17	CG	0.7000000000000001	100	gain	55	5594
a17	CG	0.7000000000000001	100	loss	494	67405
a17	CG	0.7000000000000001	200	gain	37	5373
a17	CG	0.7000000000000001	200	loss	278	55137
a17	CG	0.7000000000000001	500	gain	3	467
a17	CG	0.7000000000000001	500	loss	67	19444
a17	CG	0.7000000000000001	1000	loss	1	245
a17	CG	0.8	10	loss	1	55
a17	CG	0.8	20	gain	10	616
a17	CG	0.8	20	loss	74	4725
a17	CG	0.8	50	gain	22	1671
a17	CG	0.8	50	loss	233	20717
a17	CG	0.8	100	gain	25	2215
a17	CG	0.8	100	loss	247	32511
a17	CG	0.8	200	gain	14	1715
a17	CG	0.8	200	loss	132	23461
a17	CG	0.8	500	loss	28	7468
a17	CG	0.9	20	gain	4	235
a17	CG	0.9	20	loss	21	1297
a17	CG	0.9	50	gain	13	1000
a17	CG	0.9	50	loss	68	5449
a17	CG	0.9	100	gain	10	1058
a17	CG	0.9	100	loss	72	8624
a17	CG	0.9	200	gain	8	928
a17	CG	0.9	200	loss	38	6039
a17	CG	0.9	500	loss	8	1717
a17	CHG	0.1	10	gain	21	1372
a17	CHG	0.1	10	loss	271	18040
a17	CHG	0.1	20	gain	17	1096
a17	CHG	0.1	20	loss	581	45648
a17	CHG	0.1	50	gain	25	3276
a17	CHG	0.1	50	loss	1013	140009
a17	CHG	0.1	100	gain	25	2950
a17	CHG	0.1	100	loss	848	194830
a17	CHG	0.1	200	gain	6	633
a17	CHG	0.1	200	loss	396	121592
a17	CHG	0.1	500	loss	29	10051
a17	CHG	0.1	1000	loss	5	3694
a17	CHG	0.1	2000	loss	2	2060
a17	CHG	0.2	10	gain	14	914
a17	CHG	0.2	10	loss	186	12166
a17	CHG	0.2	20	gain	15	977
a17	CHG	0.2	20	loss	573	44979
a17	CHG	0.2	50	gain	24	3101
a17	CHG	0.2	50	loss	1004	138737
a17	CHG	0.2	100	gain	25	2950
a17	CHG	0.2	100	loss	842	192798
a17	CHG	0.2	200	gain	6	633
a17	CHG	0.2	200	loss	395	121153
a17	CHG	0.2	500	loss	29	9957
a17	CHG	0.2	1000	loss	5	3694
a17	CHG	0.2	2000	loss	2	2060
a17	CHG	0.30000000000000004	10	gain	6	394
a17	CHG	0.30000000000000004	10	loss	91	5751
a17	CHG	0.30000000000000004	20	gain	14	921
a17	CHG	0.30000000000000004	20	loss	538	42087
a17	CHG	0.30000000000000004	50	gain	24	3097
a17	CHG	0.30000000000000004	50	loss	965	132546
a17	CHG	0.30000000000000004	100	gain	25	2950
a17	CHG	0.30000000000000004	100	loss	818	183832
a17	CHG	0.30000000000000004	200	gain	6	633
a17	CHG	0.30000000000000004	200	loss	393	118712
a17	CHG	0.30000000000000004	500	loss	29	9957
a17	CHG	0.30000000000000004	1000	loss	5	3694
a17	CHG	0.30000000000000004	2000	loss	2	2060
a17	CHG	0.4	10	gain	6	394
a17	CHG	0.4	10	loss	59	3800
a17	CHG	0.4	20	gain	11	757
a17	CHG	0.4	20	loss	468	36041
a17	CHG	0.4	50	gain	23	3036
a17	CHG	0.4	50	loss	873	117692
a17	CHG	0.4	100	gain	22	2712
a17	CHG	0.4	100	loss	756	161838
a17	CHG	0.4	200	gain	6	633
a17	CHG	0.4	200	loss	382	108844
a17	CHG	0.4	500	loss	29	9957
a17	CHG	0.4	1000	loss	5	3694
a17	CHG	0.4	2000	loss	2	2060
a17	CHG	0.5	10	gain	4	257
a17	CHG	0.5	10	loss	43	2815
a17	CHG	0.5	20	gain	9	623
a17	CHG	0.5	20	loss	340	26200
a17	CHG	0.5	50	gain	18	2301
a17	CHG	0.5	50	loss	648	82957
a17	CHG	0.5	100	gain	20	2257
a17	CHG	0.5	100	loss	600	120226
a17	CHG	0.5	200	gain	6	633
a17	CHG	0.5	200	loss	342	87699
a17	CHG	0.5	500	loss	29	9957
a17	CHG	0.5	1000	loss	5	3694
a17	CHG	0.5	2000	loss	2	2060
a17	CHG	0.6	10	gain	3	174
a17	CHG	0.6	10	loss	27	1762
a17	CHG	0.6	20	gain	7	494
a17	CHG	0.6	20	loss	214	16248
a17	CHG	0.6	50	gain	14	1770
a17	CHG	0.6	50	loss	373	45891
a17	CHG	0.6	100	gain	13	1499
a17	CHG	0.6	100	loss	378	68467
a17	CHG	0.6	200	gain	5	546
a17	CHG	0.6	200	loss	229	52642
a17	CHG	0.6	500	loss	29	9952
a17	CHG	0.6	1000	loss	5	3694
a17	CHG	0.6	2000	loss	2	2060
a17	CHG	0.7000000000000001	10	gain	2	124
a17	CHG	0.7000000000000001	10	loss	12	805
a17	CHG	0.7000000000000001	20	gain	4	299
a17	CHG	0.7000000000000001	20	loss	96	7541
a17	CHG	0.7000000000000001	50	gain	8	1235
a17	CHG	0.7000000000000001	50	loss	158	19800
a17	CHG	0.7000000000000001	100	gain	9	760
a17	CHG	0.7000000000000001	100	loss	173	28396
a17	CHG	0.7000000000000001	200	gain	3	359
a17	CHG	0.7000000000000001	200	loss	116	26273
a17	CHG	0.7000000000000001	500	loss	21	7777
a17	CHG	0.7000000000000001	1000	loss	5	3694
a17	CHG	0.7000000000000001	2000	loss	2	1903
a17	CHG	0.8	10	gain	1	69
a17	CHG	0.8	10	loss	6	412
a17	CHG	0.8	20	gain	2	133
a17	CHG	0.8	20	loss	39	2934
a17	CHG	0.8	50	gain	5	419
a17	CHG	0.8	50	loss	65	7057
a17	CHG	0.8	100	gain	5	383
a17	CHG	0.8	100	loss	72	10303
a17	CHG	0.8	200	gain	1	195
a17	CHG	0.8	200	loss	44	8965
a17	CHG	0.8	500	loss	12	3879
a17	CHG	0.8	1000	loss	3	2012
a17	CHG	0.8	2000	loss	2	678
a17	CHG	0.9	10	gain	1	69
a17	CHG	0.9	20	gain	1	73
a17	CHG	0.9	20	loss	7	460
a17	CHG	0.9	50	gain	1	85
a17	CHG	0.9	50	loss	17	1591
a17	CHG	0.9	100	gain	2	158
a17	CHG	0.9	100	loss	14	2062
a17	CHG	0.9	200	gain	1	178
a17	CHG	0.9	200	loss	6	1378
a17	CHG	0.9	500	loss	1	75
a17	CHG	0.9	1000	loss	1	61
a17	CHG	0.9	2000	loss	1	149
a17	CHH	0.1	10	loss	3	187
a17	CHH	0.1	20	loss	2	136
a17	CHH	0.2	10	loss	3	187
a17	CHH	0.2	20	loss	2	136
a17	CHH	0.30000000000000004	10	loss	3	187
a17	CHH	0.30000000000000004	20	loss	2	136
a17	CHH	0.4	10	loss	3	187
a17	CHH	0.4	20	loss	2	136
a17	CHH	0.5	10	loss	2	136
a17	CHH	0.5	20	loss	2	136
a17	CHH	0.6	10	loss	2	136
a17	CHH	0.6	20	loss	2	136
a17	CHH	0.7000000000000001	10	loss	2	130
a17	CHH	0.7000000000000001	20	loss	2	130
a17	CHH	0.8	20	loss	1	50
a4	CG	0.1	10	gain	1	53
a4	CG	0.1	10	loss	4	320
a4	CG	0.1	20	gain	29	1940
a4	CG	0.1	20	loss	103	6896
a4	CG	0.1	50	gain	88	7717
a4	CG	0.1	50	loss	324	33240
a4	CG	0.1	100	gain	79	8867
a4	CG	0.1	100	loss	270	40021
a4	CG	0.1	200	gain	21	2909
a4	CG	0.1	200	loss	90	17777
a4	CG	0.1	2000	gain	5	3316
a4	CG	0.1	2000	loss	127	150320
a4	CG	0.1	5000	gain	20	26458
a4	CG	0.1	5000	loss	397	629108
a4	CG	0.2	10	gain	1	53
a4	CG	0.2	10	loss	4	320
a4	CG	0.2	20	gain	29	1940
a4	CG	0.2	20	loss	102	6822
a4	CG	0.2	50	gain	88	7717
a4	CG	0.2	50	loss	322	33089
a4	CG	0.2	100	gain	78	8781
a4	CG	0.2	100	loss	268	39642
a4	CG	0.2	200	gain	21	2909
a4	CG	0.2	200	loss	88	17158
a4	CG	0.2	2000	gain	4	1021
a4	CG	0.2	2000	loss	60	29620
a4	CG	0.2	5000	gain	5	7272
a4	CG	0.2	5000	loss	77	51634
a4	CG	0.30000000000000004	10	gain	1	53
a4	CG	0.30000000000000004	10	loss	4	320
a4	CG	0.30000000000000004	20	gain	28	1886
a4	CG	0.30000000000000004	20	loss	102	6822
a4	CG	0.30000000000000004	50	gain	88	7717
a4	CG	0.30000000000000004	50	loss	315	32173
a4	CG	0.30000000000000004	100	gain	77	8702
a4	CG	0.30000000000000004	100	loss	263	38437
a4	CG	0.30000000000000004	200	gain	21	2909
a4	CG	0.30000000000000004	200	loss	87	16746
a4	CG	0.30000000000000004	2000	gain	1	619
a4	CG	0.30000000000000004	2000	loss	13	4358
a4	CG	0.30000000000000004	5000	gain	2	2129
a4	CG	0.30000000000000004	5000	loss	12	6248
a4	CG	0.4	10	gain	1	53
a4	CG	0.4	10	loss	4	320
a4	CG	0.4	20	gain	27	1810
a4	CG	0.4	20	loss	100	6703
a4	CG	0.4	50	gain	87	7503
a4	CG	0.4	50	loss	299	30155
a4	CG	0.4	100	gain	77	8702
a4	CG	0.4	100	loss	248	35145
a4	CG	0.4	200	gain	21	2909
a4	CG	0.4	200	loss	87	16746
a4	CG	0.4	2000	loss	3	1333
a4	CG	0.4	5000	loss	1	280
a4	CG	0.5	10	gain	1	53
a4	CG	0.5	10	loss	4	320
a4	CG	0.5	20	gain	24	1644
a4	CG	0.5	20	loss	99	6604
a4	CG	0.5	50	gain	86	7332
a4	CG	0.5	50	loss	278	27629
a4	CG	0.5	100	gain	76	8586
a4	CG	0.5	100	loss	235	32081
a4	CG	0.5	200	gain	21	2909
a4	CG	0.5	200	loss	86	15371
a4	CG	0.5	2000	loss	1	560
a4	CG	0.5	5000	loss	1	280
a4	CG	0.6	10	loss	3	266
a4	CG	0.6	20	gain	19	1310
a4	CG	0.6	20	loss	87	5842
a4	CG	0.6	50	gain	73	6140
a4	CG	0.6	50	loss	244	23872
a4	CG	0.6	100	gain	70	8050
a4	CG	0.6	100	loss	218	28848
a4	CG	0.6	200	gain	20	2764
a4	CG	0.6	200	loss	85	14746
a4	CG	0.6	2000	loss	1	80
a4	CG	0.7000000000000001	10	loss	3	196
a4	CG	0.7000000000000001	20	gain	15	1012
a4	CG	0.7000000000000001	20	loss	67	4469
a4	CG	0.7000000000000001	50	gain	52	4490
a4	CG	0.7000000000000001	50	loss	190	17760
a4	CG	0.7000000000000001	100	gain	45	4864
a4	CG	0.7000000000000001	100	loss	175	21884
a4	CG	0.7000000000000001	200	gain	17	2455
a4	CG	0.7000000000000001	200	loss	72	12143
a4	CG	0.8	10	loss	2	137
a4	CG	0.8	20	gain	10	670
a4	CG	0.8	20	loss	48	3194
a4	CG	0.8	50	gain	31	2471
a4	CG	0.8	50	loss	127	11391
a4	CG	0.8	100	gain	30	3304
a4	CG	0.8	100	loss	130	15766
a4	CG	0.8	200	gain	14	1932
a4	CG	0.8	200	loss	55	8288
a4	CG	0.9	10	loss	1	63
a4	CG	0.9	20	gain	2	108
a4	CG	0.9	20	loss	20	1262
a4	CG	0.9	50	gain	13	1042
a4	CG	0.9	50	loss	52	4553
a4	CG	0.9	100	gain	14	1701
a4	CG	0.9	100	loss	46	5396
a4	CG	0.9	200	gain	7	834
a4	CG	0.9	200	loss	20	2593
a4	CHG	0.1	20	gain	1	92
a4	CHG	0.1	20	loss	2	171
a4	CHG	0.1	50	gain	2	122
a4	CHG	0.1	100	loss	1	60
a4	CHG	0.2	20	gain	1	92
a4	CHG	0.2	20	loss	2	171
a4	CHG	0.2	50	gain	2	122
a4	CHG	0.2	100	loss	1	60
a4	CHG	0.30000000000000004	20	gain	1	92
a4	CHG	0.30000000000000004	20	loss	2	171
a4	CHG	0.30000000000000004	50	gain	2	122
a4	CHG	0.30000000000000004	100	loss	1	60
a4	CHG	0.4	20	gain	1	92
a4	CHG	0.4	20	loss	2	171
a4	CHG	0.4	50	gain	2	122
a4	CHG	0.4	100	loss	1	60
a4	CHG	0.5	20	gain	1	92
a4	CHG	0.5	20	loss	2	171
a4	CHG	0.5	50	gain	2	122
a4	CHG	0.5	100	loss	1	60
a4	CHG	0.6	20	gain	1	92
a4	CHG	0.6	20	loss	2	171
a4	CHG	0.6	50	gain	2	122
a4	CHG	0.6	100	loss	1	60
a4	CHG	0.7000000000000001	20	gain	1	92
a4	CHG	0.7000000000000001	20	loss	2	171
a4	CHG	0.7000000000000001	50	gain	2	122
a4	CHG	0.7000000000000001	100	loss	1	60
a4	CHG	0.8	20	gain	1	92
a4	CHG	0.8	20	loss	2	171
a4	CHG	0.8	50	gain	1	61
a4	CHG	0.8	100	loss	1	60
a4	CHG	0.9	20	loss	2	171
a4	CHG	0.9	50	gain	1	61
a4	CHG	0.9	100	loss	1	60
a4	CHH	0.1	500	gain	139	27984
a4	CHH	0.1	500	loss	26	5850
a4	CHH	0.1	1000	gain	110	29648
a4	CHH	0.1	1000	loss	42	15400
a4	CHH	0.1	2000	gain	47	11651
a4	CHH	0.1	2000	loss	20	8707
a4	CHH	0.1	5000	gain	7	2170
a4	CHH	0.1	5000	loss	10	4609
a4	CHH	0.2	500	gain	26	2647
a4	CHH	0.2	500	loss	3	438
a4	CHH	0.2	1000	gain	17	2656
a4	CHH	0.2	1000	loss	10	1857
a4	CHH	0.2	2000	gain	6	749
a4	CHH	0.2	2000	loss	2	514
a4	CHH	0.2	5000	gain	2	330
a4	CHH	0.2	5000	loss	1	503
a4	CHH	0.30000000000000004	500	gain	1	124
a4	CHH	0.30000000000000004	1000	gain	2	264
a4	CHH	0.30000000000000004	2000	gain	2	317
